Title,Director,Genres,Plot,Vote Average,Vote Count,Release Date,Large Cover URL
Venom: The Last Dance,Kelly Marcel,"Action, Science Fiction, Adventure, Thriller","Eddie and Venom are on the run. Hunted by both of their worlds and with the net closing in, the duo are forced into a devastating decision that will bring the curtains down on Venom and Eddie's last dance.",6.776,1613,2024-10-22,https://image.tmdb.org/t/p/original/eMnWFvrTtNk0kJCVkKGzUUvUWJI.jpg
Red One,Jake Kasdan,"Action, Fantasy, Comedy","After Santa Claus (codename: Red One) is kidnapped, the North Pole's Head of Security must team up with the world's most infamous tracker in a globe-trotting, action-packed mission to save Christmas.",6.957,818,2024-10-31,https://image.tmdb.org/t/p/original/cdqLnri3NEGcmfnqwk2TSIYtddg.jpg
Elevation,George Nolfi,"Action, Science Fiction, Thriller",A single father and two women venture from the safety of their homes to face monstrous creatures to save the life of a young boy.,6.4,166,2024-11-07,https://image.tmdb.org/t/p/original/uQhYBxOVFU6s9agD49FnGHwJqG5.jpg
Heretic,Scott Beck,"Horror, Thriller","Two young missionaries are forced to prove their faith when they knock on the wrong door and are greeted by a diabolical Mr. Reed, becoming ensnared in his deadly game of cat-and-mouse.",7.179,374,2024-10-31,https://image.tmdb.org/t/p/original/fr96XzlzsONrQrGfdLMiwtQjott.jpg
Moana 2,David G. Derrick Jr.,"Animation, Adventure, Family, Comedy","After receiving an unexpected call from her wayfinding ancestors, Moana journeys alongside Maui and a new crew to the far seas of Oceania and into dangerous, long-lost waters for an adventure unlike anything she's ever faced.",6.946,511,2024-11-21,https://image.tmdb.org/t/p/original/m0SbwFNCa9epW1X60deLqTHiP7x.jpg
Armor,Justin Routt,"Action, Crime, Thriller","Armored truck security guard James Brody is working with his son Casey transporting millions of dollars between banks when a team of thieves led by Rook orchestrate a takeover of their truck to seize the riches. Following a violent car chase, Rook soon has the armored truck surrounded and James and Casey find themselves cornered onto a decrepit bridge.",5.5,74,2024-10-30,https://image.tmdb.org/t/p/original/pnXLFioDeftqjlCVlRmXvIdMsdP.jpg
That Christmas,Simon Otto,"Animation, Comedy, Family, Fantasy, Adventure",It's an unforgettable Christmas for the townsfolk of Wellington-on-Sea when the worst snowstorm in history alters everyone's plans — including Santa's.,7.5,134,2024-11-27,https://image.tmdb.org/t/p/original/qK20ZQsvaLM69bDI67c6sMVlXpV.jpg
Absolution,Hans Petter Moland,"Action, Crime, Thriller","An aging ex-boxer gangster working as muscle for a Boston crime boss receives an upsetting diagnosis.  Despite a faltering memory, he attempts to rectify the sins of his past and reconnect with his estranged children. He is determined to leave a positive legacy for his grandson, but the criminal underworld isn’t done with him and won’t loosen their grip willingly.",6.1,133,2024-10-31,https://image.tmdb.org/t/p/original/cNtAslrDhk1i3IOZ16vF7df6lMy.jpg
Kraven the Hunter,J.C. Chandor,"Action, Adventure, Thriller","Kraven Kravinoff's complex relationship with his ruthless gangster father, Nikolai, starts him down a path of vengeance with brutal consequences, motivating him to become not only the greatest hunter in the world, but also one of its most feared.",5.8,94,2024-12-11,https://image.tmdb.org/t/p/original/pWvQsP9o1MQ4vQNjpL9QeYFXKOs.jpg
The Wild Robot,Chris Sanders,"Animation, Action, Science Fiction, Family","After a shipwreck, an intelligent robot called Roz is stranded on an uninhabited island. To survive the harsh environment, Roz bonds with the island's animals and cares for an orphaned baby goose.",8.384,3476,2024-09-08,https://image.tmdb.org/t/p/original/wTnV3PCVW5O92JMrFvvrRcV39RU.jpg
Watchmen: Chapter II,Brandon Vietti,"Animation, Mystery, Science Fiction, Action","Suspicious of the events ensnaring their former colleagues, Nite Owl and Silk Spectre are spurred out of retirement to investigate. As they grapple with personal ethics, inner demons and a society turned against them, they race the clock to uncover a deepening plot that might trigger global nuclear war.",7.6,51,2024-11-25,https://image.tmdb.org/t/p/original/4rBObJFpiWJOG7aIlRrOUniAkBs.jpg
"Miraculous World, London: At the Edge of Time",Thomas Astruc,"Animation, Adventure, Action, Fantasy","To save the future from a terrible fate, Marinette becomes Chronobug and teams up with Bunnyx to defeat a mysterious opponent who travels through time. Who is this new supervillain, and why are they obsessed with exposing Marinette's secret superhero identity? Marinette's only hope is to defeat her new opponent to prevent the end of Ladybug and time itself!",8.468,47,2024-11-14,https://image.tmdb.org/t/p/original/6AtoMpHvs9pxd30KsyK8QmJ9W9M.jpg
Mufasa: The Lion King,Barry Jenkins,"Adventure, Family, Drama, Animation","Rafiki relays the legend of Mufasa to lion cub Kiara, daughter of Simba and Nala, with Timon and Pumbaa lending their signature schtick. Told in flashbacks, the story introduces Mufasa as an orphaned cub, lost and alone until he meets a sympathetic lion named Taka—the heir to a royal bloodline. The chance meeting sets in motion a journey of misfits searching for their destiny and working together to evade a threatening and deadly foe.",7.5,9,2024-12-18,https://image.tmdb.org/t/p/original/4QsIB568LUqs12PQiFEqoUOzLDj.jpg
Weekend in Taipei,George Huang,"Action, Adventure, Thriller","A former DEA agent and a former undercover operative revisit their romance during a fateful weekend in Taipei, unaware of the dangerous consequences of their past.",6.1,74,2024-09-19,https://image.tmdb.org/t/p/original/qSc0AUvs8mRy00R9y8QYEHWIAQ9.jpg
Gladiator II,Ridley Scott,"Action, Adventure, History","Years after witnessing the death of the revered hero Maximus at the hands of his uncle, Lucius is forced to enter the Colosseum after his home is conquered by the tyrannical Emperors who now lead Rome with an iron fist. With rage in his heart and the future of the Empire at stake, Lucius must look to his past to find strength and honor to return the glory of Rome to its people.",6.7,1111,2024-11-05,https://image.tmdb.org/t/p/original/2cxhvwyEwRlysAmRH4iodkvo0z5.jpg
The Substance,Coralie Fargeat,"Horror, Science Fiction","A fading celebrity decides to use a black market drug, a cell-replicating substance that temporarily creates a younger, better version of herself.",7.2,2614,2024-09-07,https://image.tmdb.org/t/p/original/lqoMzCcZYEFK729d6qzt349fB4o.jpg
Terrifier 3,Damien Leone,"Horror, Thriller","Five years after surviving Art the Clown's Halloween massacre, Sienna and Jonathan are still struggling to rebuild their shattered lives. As the holiday season approaches, they try to embrace the Christmas spirit and leave the horrors of the past behind. But just when they think they're safe, Art returns, determined to turn their holiday cheer into a new nightmare. The festive season quickly unravels as Art unleashes his twisted brand of terror, proving that no holiday is safe.",6.9,1234,2024-10-09,https://image.tmdb.org/t/p/original/ju10W5gl3PPK3b7TjEmVOZap51I.jpg
Smile 2,Parker Finn,"Horror, Mystery","About to embark on a new world tour, global pop sensation Skye Riley begins experiencing increasingly terrifying and inexplicable events. Overwhelmed by the escalating horrors and the pressures of fame, Skye is forced to face her dark past to regain control of her life before it spirals out of control.",6.586,941,2024-10-16,https://image.tmdb.org/t/p/original/eJ0KIFewo6jw51f2Dy0iujEXmqd.jpg
Deadpool & Wolverine,Shawn Levy,"Action, Comedy, Science Fiction","A listless Wade Wilson toils away in civilian life with his days as the morally flexible mercenary, Deadpool, behind him. But when his homeworld faces an existential threat, Wade must reluctantly suit-up again with an even more reluctant Wolverine.",7.671,5937,2024-07-24,https://image.tmdb.org/t/p/original/8cdWjvZQUExUUTzyp4t6EDMubfO.jpg
Wicked,Jon M. Chu,"Drama, Romance, Fantasy","In the land of Oz, ostracized and misunderstood green-skinned Elphaba is forced to share a room with the popular aristocrat Glinda at Shiz University, and the two's unlikely friendship is tested as they begin to fulfill their respective destinies as Glinda the Good and the Wicked Witch of the West.",7.6,559,2024-11-20,https://image.tmdb.org/t/p/original/xDGbZ0JJ3mYaGKy4Nzd9Kph6M9L.jpg
Inside Out 2,Kelsey Mann,"Animation, Adventure, Comedy, Drama, Family","Teenager Riley's mind headquarters is undergoing a sudden demolition to make room for something entirely unexpected: new Emotions! Joy, Sadness, Anger, Fear and Disgust, who’ve long been running a successful operation by all accounts, aren’t sure how to feel when Anxiety shows up. And it looks like she’s not alone.",7.57,4998,2024-06-11,https://image.tmdb.org/t/p/original/vpnVM9B6NMmQpWeZvzLvDESb2QY.jpg
Sidelined: The QB and Me,Justin Wu,"Comedy, Romance, TV Movie","Dallas, a burdened but headstrong dancer, is determined to get into the best dance school in the country—her late mother’s alma mater. However, that dream is suddenly derailed when the cheeky yet secretly grieving football star, Drayton, crashes into her life with a unique story of his own. Will the two of them be able to grow into their dreams together, or will their dreams be sidelined?",6.5,69,2024-11-29,https://image.tmdb.org/t/p/original/1oV2rq7PEuKILrBd9vBL9bChRYf.jpg
Sonic the Hedgehog 3,Jeff Fowler,"Adventure, Comedy, Family, Science Fiction","Sonic, Knuckles, and Tails reunite against a powerful new adversary, Shadow, a mysterious villain with powers unlike anything they have faced before. With their abilities outmatched in every way, Team Sonic must seek out an unlikely alliance in hopes of stopping Shadow and protecting the planet.",7.7,7,2024-12-19,https://image.tmdb.org/t/p/original/d8Ryb8AunYAuycVKDp5HpdWPKgC.jpg
Alien: Romulus,Fede Álvarez,"Horror, Science Fiction","While scavenging the deep ends of a derelict space station, a group of young space colonizers come face to face with the most terrifying life form in the universe.",7.235,2675,2024-08-13,https://image.tmdb.org/t/p/original/b33nnKl1GSFbao4l3fZDDqsMx0F.jpg
Apocalypse Z: The Beginning of the End,Carles Torrens,"Drama, Action, Horror","When a kind of rabies that transforms people into aggressive creatures spreads across the planet, Manel isolates himself at home with his cat, relying on his wits to survive; but soon they must go out in search of food, by land and by sea, dodging many dangers.",6.8,715,2024-10-04,https://image.tmdb.org/t/p/original/wIGJnIFQlESkC2rLpfA8EDHqk4g.jpg
Transformers One,Josh Cooley,"Animation, Science Fiction, Adventure, Family","The untold origin story of Optimus Prime and Megatron, better known as sworn enemies, but once were friends bonded like brothers who changed the fate of Cybertron forever.",8.1,877,2024-09-11,https://image.tmdb.org/t/p/original/qbkAqmmEIZfrCO8ZQAuIuVMlWoV.jpg
GTMAX,Olivier Schneider,"Action, Crime, Drama","When a notorious gang of bikers recruits her brother for a heist, a former motocross champion must face her deepest fears to keep her family safe.",6.1,74,2024-11-19,https://image.tmdb.org/t/p/original/bx92hl70NUhojjO3eV6LqKllj4L.jpg
Despicable Me 4,Chris Renaud,"Animation, Family, Comedy, Science Fiction","Gru and Lucy and their girls—Margo, Edith and Agnes—welcome a new member to the Gru family, Gru Jr., who is intent on tormenting his dad. Gru also faces a new nemesis in Maxime Le Mal and his femme fatale girlfriend Valentina, forcing the family to go on the run.",7.081,2302,2024-06-20,https://image.tmdb.org/t/p/original/mAx0fEjmO6oZxpEFpLWB0OQjfyM.jpg
Sikandar Ka Muqaddar,Neeraj Pandey,"Thriller, Crime, Mystery, Action","After an unsolved diamond heist, a hard-nosed cop’s pursuit of his key suspect turns into obsession, until they finally face each other — and the truth.",6.0,11,2024-11-29,https://image.tmdb.org/t/p/original/eWUh4rgxtgypgnOa6uGMnUt01ux.jpg
The Price of Money: A Largo Winch Adventure,Olivier Masset-Depasse,"Action, Adventure, Thriller","Largo Winch, devastated by the kidnapping of his son, realizes that if he finds those responsible for his bankruptcy, maybe he'll see his son again.",5.565,46,2024-07-31,https://image.tmdb.org/t/p/original/38ndcNVogh4k1iFH5DSXSX8kyOZ.jpg
My Fault,Domingo González,"Romance, Drama","Noah must leave her city, boyfriend, and friends to move into William Leister's mansion, the flashy and wealthy husband of her mother Rafaela. As a proud and independent 17 year old, Noah resists living in a mansion surrounded by luxury. However, it is there where she meets Nick, her new stepbrother, and the clash of their strong personalities becomes evident from the very beginning.",7.914,3110,2023-06-08,https://image.tmdb.org/t/p/original/w46Vw536HwNnEzOa7J24YH9DPRS.jpg
Levels,Adam Stern,"Action, Science Fiction, Thriller","After witnessing his girlfriend's murder, a man risks everything - including reality itself - to discover the truth.",5.8,39,2024-11-01,https://image.tmdb.org/t/p/original/y1xm0jMIlx9Oo2a3jWNyLGm43sJ.jpg
The Moor,Chris Cronin,"Horror, Mystery, Drama",Claire is approached by the father of her murdered childhood friend to help investigate the haunted moor he believes is his son's final resting place.,4.9,20,2024-06-14,https://image.tmdb.org/t/p/original/vK9gEHVeoT3w5Erzk7TkOWtKBnB.jpg
Arena Wars,Brandon Slagle,"Action, Science Fiction, Thriller, Comedy, Horror","In 2045 convicted criminals are given the opportunity to compete on the world's #1 televised sporting event, Arena Wars. They must survive 7 rooms and 7 of the most vicious killers in the country. If they win, they regain their freedom.",5.4,31,2024-06-25,https://image.tmdb.org/t/p/original/4dRtXjk1rcsZlaMJpBn6Nh9cTfO.jpg
How the Grinch Stole Christmas,Ron Howard,"Family, Comedy, Fantasy",The Grinch decides to rob Whoville of Christmas - but a dash of kindness from little Cindy Lou Who and her family may be enough to melt his heart...,6.8,7463,2000-11-17,https://image.tmdb.org/t/p/original/1w4eDWLktv0rSoluHg2KWTQGQEK.jpg
Hunting With Tigers,Jérémie Guez,"Action, Thriller","Malik, a young Parisian hustler, discovers that his stepfather Serge, a famous bank robber, has been arrested along with his accomplices. During the trial, Iris, one of the accused's lawyers, Chérif, requests Malik to accept a dangerous heist in exchange for Serge and her client's liberty. Malik must convince and reunite Chérif's former partners to accomplish this high-risk stickup.",5.957,35,2024-11-22,https://image.tmdb.org/t/p/original/80Fpd8a5BibX3kAD5lpZhCKqSyV.jpg
Solo Leveling -ReAwakening-,Shunsuke Nakashige,"Action, Adventure, Fantasy, Animation","Over a decade after 'gates' connecting worlds appeared, awakening 'hunters' with superpowers, weakest hunter Sung Jinwoo encounters a double dungeon and accepts a mysterious quest, becoming the only one able to level up, changing his fate. A catch-up recap of the first season coupled with an exclusive sneak peek of the first two episodes of the highly anticipated second season in one momentous theatrical fan experience.",7.9,20,2024-11-26,https://image.tmdb.org/t/p/original/Ai3WYz6Gvel39ov95QhFbGE2x2S.jpg
Pimpinero: Blood and Oil,Andrés Baiz,"Action, Crime, Drama","When Juan, a young gasoline smuggler, is forced to work for a mysterious organization in the desert bordering Colombia and Venezuela, his girlfriend Diana embarks on a journey to uncover the secrets that inhabit this no-man’s-land.",7.4,40,2024-10-10,https://image.tmdb.org/t/p/original/kukotsflOSVGXQezuXohj41dbfL.jpg
Classified,Roel Reiné,"Action, Thriller","Operating alone in the field for more than 20 years, a CIA hitman uses the ""Help Wanted"" section of the newspapers to get his orders from the Agency. His long-lost daughter, now a UK MI6 analyst, tracks him down to deliver shocking news: his CIA boss has been dead for years and the division long since shut down. Together, they set out to discover whose orders he's been executing.",5.9,96,2024-09-19,https://image.tmdb.org/t/p/original/3k8jv1kSAAc0rCfFGtWDDQL4dfK.jpg
The Grinch,Yarrow Cheney,"Animation, Family, Comedy, Fantasy",The Grinch hatches a scheme to ruin Christmas when the residents of Whoville plan their annual holiday celebration.,6.9,3976,2018-11-08,https://image.tmdb.org/t/p/original/eCHNCoat9L0Q3p4XjBQqV2Zn7Ux.jpg
Arcadian,Benjamin Brewer,"Action, Horror, Thriller, Science Fiction","In the near future, on a decimated Earth, Paul and his twin sons face terror at night when ferocious creatures awaken. When Paul is nearly killed, the boys come up with a plan for survival, using everything their father taught them to keep him alive.",6.1,488,2024-04-12,https://image.tmdb.org/t/p/original/spWV1eRzlDxvai8LbxwAWR0Vst4.jpg
Spellbound,Vicky Jenson,"Animation, Fantasy, Family, Adventure, Comedy","When a powerful spell turns her parents into giant monsters, a teenage princess must journey into the wild to reverse the curse before it's too late.",6.9,150,2024-11-22,https://image.tmdb.org/t/p/original/5EuptrsaQyIE4YWqeowCdbolshL.jpg
Survive,Frédéric Jardin,"Thriller, Adventure, Action, Science Fiction",A couple celebrates their son’s birthday in the middle of the ocean on their boat. A violent storm hits and it brings up hungry creatures from the depths and they fight for their survival.,5.814,78,2024-06-19,https://image.tmdb.org/t/p/original/901kRttzfLScns7ss7RyKqG6d2A.jpg
Wake Up,François Simard,"Horror, Thriller, Action","A group of young activists set out to make an environmental statement by vandalizing a home superstore as it closes. But their plan goes terribly wrong when they become trapped inside and must face a deranged security guard with a gruesome passion for primitive hunting. As the night fills with violence and terror, the teenagers find themselves in a desperate fight for their lives.",7.4,74,2024-05-08,https://image.tmdb.org/t/p/original/erEAU7ygq2XFjziI3FpAdMajJFZ.jpg
Japanese Mom,Kim Moo-won,"Romance, Drama","""Innocent face, D-cup breasts and perfect intercourse skills! Son, this is not your girlfriend anymore but your mother!""  Ki-ho brings Yuki from Japan to marry her. However, he starts cheating on her with his ex-girlfriend in Korea.  Min-cheol comforted Yuki and thought of her as his daughter-in-law, but one day he realizes he is looking at her as a woman.  In the end, Yuki and Min-cheol have intercourse without Ki-ho knowing...",6.2,28,2017-02-09,https://image.tmdb.org/t/p/original/mCDzIKBPBLLOaFSO7WXCNgrg8f2.jpg
Remnant,Mike Horan,"Science Fiction, Horror, Thriller","Grace is a young woman whose life has been turned upside down by tragedy. When she returns home to the family farm to rebuild her shattered life, her world begins to unravel as a series of strange events haunt her, pushing Grace to the edge of madness. A mysterious figure lurks in the shadows and a ghostly woman appears in the darkness of night. Is Grace imagining these apparitions, or are they a warning of a nightmare still to come?",5.0,4,2024-06-30,https://image.tmdb.org/t/p/original/uu2dYn0aPbZCu8SoD7Gl2CW0PkP.jpg
Pídeme lo que quieras,Lucía Alemany,"Romance, Drama","After his father's death, Eric Zimmerman travels to Spain to oversee his company's branches. In Madrid, he falls for Judith and engage in an intense, erotic relationship full of exploration. However, Eric fears his secret may end their affair.",7.2,6,2024-11-29,https://image.tmdb.org/t/p/original/76qnVxU2rPdVvipBN3DPQH6fVYB.jpg
Dear Santa,Bobby Farrelly,"Comedy, Fantasy","Likeable 6th grader Liam writes to Santa asking him to prove that he's real. But Liam is dyslexic and accidentally sends his letter to Satan instead, who shows up at Liam's house, excited to have his first fanboy letter and wanting a little of Liam's soul.",6.6,154,2024-11-24,https://image.tmdb.org/t/p/original/fRbDHbGBXg6kwQYr3CRYeKPJW5q.jpg
Carry-On,Jaume Collet-Serra,"Action, Mystery, Thriller",An airport security officer races to outsmart a mysterious traveler forcing him to let a dangerous item slip onto a Christmas Eve flight.,6.958,394,2024-12-05,https://image.tmdb.org/t/p/original/iOwZdJJt80Zuhi5VOY6QMj4dLEJ.jpg
Azrael,E.L. Katz,"Action, Horror, Thriller","In a world where no one speaks, a devout female hunts down a young woman who has escaped her imprisonment. Recaptured by its ruthless leaders, Azrael is due to be sacrificed to pacify an ancient evil deep within the surrounding wilderness.",6.0,146,2024-09-27,https://image.tmdb.org/t/p/original/qpdFKDvJS7oLKTcBLXOaMwUESbs.jpg
The Count of Monte Cristo,Alexandre de La Patellière,"Action, Adventure, Drama","Edmond Dantes becomes the target of a sinister plot and is arrested on his wedding day for a crime he did not commit. After 14 years in the island prison of Château d’If, he manages a daring escape. Now rich beyond his dreams, he assumes the identity of the Count of Monte-Cristo and exacts his revenge on the three men who betrayed him.",8.18,988,2024-06-28,https://image.tmdb.org/t/p/original/1tmKLVnB1zWNYLvq7qJ2P5jujzA.jpg
Home Alone 2: Lost in New York,Chris Columbus,"Comedy, Family, Adventure","Instead of flying to Florida with his folks, Kevin ends up alone in New York, where he gets a hotel room with his dad's credit card—despite problems from a clerk and meddling bellboy. But when Kevin runs into his old nemeses, the Wet Bandits, he's determined to foil their plans to rob a toy store on Christmas Eve.",6.751,9597,1992-11-15,https://image.tmdb.org/t/p/original/6YqkD9h0woc4OdNzlp4fDyvtxPT.jpg
Do Not Enter,Hugo Cardozo,Horror,"Two working class youtubers ‘in the making’ enter an abandoned mansion to get their basketball back, and get lost inside while pranking each other. They record their ‘quick adventure’ with their phones for their audience, and tweak it with a fake phantom appearance to attract more followers to their YouTube channel. When uploaded the video goes viral, so they start a challenge: if the video reaches a certain number of views, they will enter the house again, at night, alone, totally unprotected. As fans react positively, they will do as promised, not only to discover and unveil the true nature of the place and their inhabitants, but to realize they might not be among the living anymore. Which opens a question - how far would you go to be famous?",7.3,91,2024-08-06,https://image.tmdb.org/t/p/original/1iPuEIcybEc9Y6aKJ8BGAnMadFX.jpg
Moana,Thomas Kail,"Adventure, Comedy, Family, Fantasy","In Ancient Polynesia, when a terrible curse incurred by Maui reaches the island of an impetuous Chieftain, his willful daughter answers the Ocean's call to seek out the demigod to set things right.  Live-action adaptation of the 2016 Disney animated film 'Moana'",0.0,0,2026-07-09,https://image.tmdb.org/t/p/original/cunira0Ho7hLigwAwrPXfCvgXu3.jpg
We Live in Time,John Crowley,"Romance, Drama","An up-and-coming chef and a recent divorcée find their lives forever changed when a chance encounter brings them together, in a decade-spanning, deeply moving romance.",7.6,213,2024-10-10,https://image.tmdb.org/t/p/original/oeDNBgnlGF6rnyX1P1K8Vl2f3lW.jpg
Bad Boys: Ride or Die,Adil El Arbi,"Action, Comedy, Crime, Thriller, Adventure","After their late former Captain is framed, Lowrey and Burnett try to clear his name, only to end up on the run themselves.",7.486,2434,2024-06-05,https://image.tmdb.org/t/p/original/oGythE98MYleE6mZlGs5oBGkux1.jpg
Knox Goes Away,Michael Keaton,"Crime, Thriller, Action","A contract killer, after being diagnosed with a fast-moving form of dementia, is presented with the opportunity to redeem himself by saving the life of his estranged adult son. But to do so, he must race against the police closing in on him as well as the ticking clock of his own rapidly deteriorating mind.",6.916,280,2024-03-15,https://image.tmdb.org/t/p/original/w39qKYjltCix18BwtoZ1e45usdb.jpg
Flow,Gints Zilbalodis,"Animation, Fantasy, Adventure","A solitary cat, displaced by a great flood, finds refuge on a boat with various species and must navigate the challenges of adapting to a transformed world together.",8.5,406,2024-08-29,https://image.tmdb.org/t/p/original/zeinX0xt78GgtpCQjx7d2S6Gh7g.jpg
The Soul Eater,Julien Maury,"Thriller, Horror, Crime, Mystery","When the disappearance of children and bloody murders multiply in a small mountain village, an old legend shrouded in sulphur reappears... Commander Guardiano and Captain of the Gendarmerie De Rolan are forced to join forces to uncover the truth.",6.2,89,2024-04-24,https://image.tmdb.org/t/p/original/m0HSecww9Tm79pbiXAE9zqLqq9T.jpg
The Lord of the Rings: The War of the Rohirrim,Kenji Kamiyama,"Animation, Fantasy","183 years before the events chronicled in the original trilogy, a sudden attack by Wulf, a clever and ruthless Dunlending lord seeking vengeance for the death of his father, forces Helm Hammerhand and his people to make a daring last stand in the ancient stronghold of the Hornburg. Finding herself in an increasingly desperate situation, Héra, the daughter of Helm, must summon the will to lead the resistance against a deadly enemy intent on their total destruction.",6.7,56,2024-12-05,https://image.tmdb.org/t/p/original/hE9SAMyMSUGAPsHUGdyl6irv11v.jpg
Mary,D.J. Caruso,"Drama, History, Action",A miraculous conception. A merciless king. A murderous pursuit. Mary's journey to give birth to Jesus unfolds in this biblical coming-of-age epic.,6.169,77,2024-12-05,https://image.tmdb.org/t/p/original/CxWT5VyRu7LtPRdYK7bhIVMGaQ.jpg
Culpa tuya,Domingo González,"Drama, Romance",The love between Noah and Nick seems unwavering despite their parents' attempts to separate them. But his job and her entry into college open up their lives to new relationships that will shake the foundations of both their relationship and the Leister family itself.,0.0,0,2024-12-26,https://image.tmdb.org/t/p/original/bn4qZZO5nSN48D5pXVypf4MF2wg.jpg
Subservience,SK Dale,"Science Fiction, Thriller, Horror","With his wife out sick, a struggling father brings home a lifelike AI, only to have his self-aware new help want everything her new family has to offer... Like the affection of her owner and she'll kill to get it.",6.7,398,2024-08-15,https://image.tmdb.org/t/p/original/gBenxR01Uy0Ev9RTIw6dVBPoyQU.jpg
Whisper of the Witch,Serik Beyseu,"Horror, Thriller","Mara, an ancient pagan spirit, hunts a group of teenagers taking their body parts to be reborn. A disillusioned and desperate investigator has to face his deepest fears to save the teenagers.",6.7,13,2024-06-13,https://image.tmdb.org/t/p/original/raDMchyq3dJMqso2TVh75A123Xb.jpg
Bagman,Colm McCarthy,"Horror, Thriller","For centuries and across cultures, parents have warned their children of the legendary Bagman, who snatches innocent children and stuffs them into his vile, rotting bag—never to be seen again. Patrick McKee narrowly escaped such an encounter as a boy, which left him with lasting scars throughout his adulthood. Now, Patrick’s childhood tormentor has returned, threatening the safety of his wife Karina and son Jake.",6.1,112,2024-09-20,https://image.tmdb.org/t/p/original/hzrvol8K2VWm2BsDTwb8YvRMzIH.jpg
Skin. Like. Sun.,Jennifer Lyon Bell,Romance,"Real-life young couple Wim and Floor spend an afternoon in the sunwashed rooms of a crumbling home in Belgium. In a unique twist, this artistic erotic documentary is edited in nearly real-time. In the slowness, we get the build, the sweetness, and the sexiness. Forget about fingersnapping fast editing. Slow is where it’s at.",6.5,22,2010-02-19,https://image.tmdb.org/t/p/original/uCkANtG6ezb7hjRKVudY3PUcbvn.jpg
Cash Out,Randall Emmett,"Action, Thriller","Criminal mastermind Mason is about to execute the score of a lifetime when his lover and key member of his crew, Decker, takes the team down and reveals she’s an undercover Interpol agent. Heartbroken, Mason escapes and retires from the life of crime until his younger brother Shawn is out of his league taking on a big bank heist all on his own. Mason has no choice left but to come to the rescue, while Interpol brings Decker in hoping to unnerve him. Before the SWAT teams storm the bank, Mason must use every tool in his arsenal to not only escape with the prize, but also the love of his life.",6.4,138,2024-04-26,https://image.tmdb.org/t/p/original/xBJnIvRdL0nDHgvivr6EgBQizes.jpg
OVERLORD: The Sacred Kingdom,Naoyuki Ito,"Action, Adventure, Animation, Fantasy","After twelve years of playing his favorite MMORPG game, Momonga logs in for the last time only to find himself transported into its world playing it indefinitely. Throughout his adventures, his avatar ascends to the title of Sorcerer King Ains Ooal Gown. Once prosperous but now on the brink of ruin, The Sacred Kingdom enjoyed years of peace after construction of an enormous wall protecting them from neighboring invasions. But, one day this comes to an end when the Demon Emperor Jaldabaoth arrives with an army of villainous demi-humans. Fearing invasion of their own lands, the neighboring territory of the Slane Theocracy is forced to beg their enemies at the Sorcerer Kingdom for help. Heeding the call, Momonga, now known as the Sorcerer King Ains Ooal Gown, rallies the Sorcerer Kingdom and its undead army to join the fight alongside the Sacred Kingdom and the Slane Theocracy in hopes to defeat the Demon Emperor.",7.9,24,2024-09-20,https://image.tmdb.org/t/p/original/2EGqjrMI2gm7QnB9eFEt6A0o0TA.jpg
Joker: Folie à Deux,Todd Phillips,"Drama, Crime, Thriller","While struggling with his dual identity, Arthur Fleck not only stumbles upon true love, but also finds the music that's always been inside him.",5.5,1833,2024-10-01,https://image.tmdb.org/t/p/original/tXF2p2hthwXDXvCyXcwWuJKgaHD.jpg
Scream 4,Wes Craven,"Horror, Mystery","Ten years have passed, and Sidney Prescott has put herself back together thanks to her writing. However, her return to Woodsboro sparks the return of the Ghostface Killer.",6.5,3717,2011-04-13,https://image.tmdb.org/t/p/original/6b7QW0rseIiD6b5hqCFPqE378t.jpg
Dominique,Michael S. Ojeda,"Action, Thriller","Dominique, a well-trained assassin, flees from her troubled past in an attempt to begin a new life in South America. However, she soon finds herself in a town plagued with violence and corruption. Facing brutal attacks from the police and mafia, Dominique must decide whether to protect herself or an innocent family that has taken her in.",7.5,78,2024-10-11,https://image.tmdb.org/t/p/original/jvug7Esd89yNLJwGvUfeQ9j69cE.jpg
My Grandfather's Demons,Nuno Beato,"Animation, Drama, Fantasy","Rosa's life, a highly valued professional, is turned upside down when her grandfather Marcelino dies.",4.4,15,2022-09-21,https://image.tmdb.org/t/p/original/rjuEM62O4zH2E167adG4Ns5IL9d.jpg
Sing: Thriller,Garth Jennings,"Animation, Family, Comedy","Buster Moon dreams up a star-studded spectacle set to Michael Jackson's ""Thriller"" in this animated short featuring characters from the hit ""Sing"" films.",7.4,120,2024-10-16,https://image.tmdb.org/t/p/original/jvUAcF178cWAsj3CDSIBC01zvQD.jpg
28 Days Later,Danny Boyle,"Horror, Thriller, Science Fiction","Twenty-eight days after a killer virus was accidentally unleashed from a British research facility, a small group of London survivors are caught in a desperate struggle to protect themselves from the infected. Carried by animals and humans, the virus turns those it infects into homicidal maniacs -- and it's absolutely impossible to contain.",7.226,6735,2002-10-31,https://image.tmdb.org/t/p/original/sIGsLU7hMDVKhGKsRFcFxUAtFyT.jpg
The Best Christmas Pageant Ever,Dallas Jenkins,"Comedy, Drama, Family","The Herdman kids are undeniably the worst kids in the history of the world. They lie, steal, cheat, bully and overall terrorize their small community. But this Christmas, they're taking over their local church Pageant – and they just might unwittingly teach a shocked little town the true meaning of Christmas.",8.0,24,2024-11-07,https://image.tmdb.org/t/p/original/3sSXrvJPXjUCncgFDU6BkIVjNRA.jpg
Venom: Let There Be Carnage,Andy Serkis,"Science Fiction, Action, Adventure","After finding a host body in investigative reporter Eddie Brock, the alien symbiote must face a new enemy, Carnage, the alter ego of serial killer Cletus Kasady.",6.8,10292,2021-09-30,https://image.tmdb.org/t/p/original/h5UzYZquMwO9FVn15R2eK2itmHu.jpg
Venom,Ruben Fleischer,"Science Fiction, Action","Investigative journalist Eddie Brock attempts a comeback following a scandal, but accidentally becomes the host of Venom, a violent, super powerful alien symbiote. Soon, he must rely on his newfound powers to protect the world from a shadowy organization looking for a symbiote of their own.",6.835,16095,2018-09-28,https://image.tmdb.org/t/p/original/2uNW4WbgBXL25BAbXGLnLqX71Sw.jpg
The Haunting Of The Immaculate Nurse,Rigoberto Castañeda,Horror,"A young nurse with a past of family violence starts working the night shift at a small hospital, where during the night a ghost nurse materializes.",6.0,6,2024-10-31,https://image.tmdb.org/t/p/original/jFRZ8HizHdS2PHmgGnlDFTBCdRe.jpg
Battle for the Western Front,Aaron Huggett,War,"Inspired by Canuck WWI flying ace Billy Bishop, two young soldiers crash the front lines in August 1918. With the Allies detained, their platoon must desperately hold out alongside legendary Anishinaabe sniper Francis ""Peggy"" Pegahmagabow.",5.7,10,2022-10-06,https://image.tmdb.org/t/p/original/lfjuNm18h3nnqKYUgXcPc8r4hBq.jpg
Kung Fu Panda 4,Mike Mitchell,"Animation, Family, Fantasy, Action","Po is gearing up to become the spiritual leader of his Valley of Peace, but also needs someone to take his place as Dragon Warrior. As such, he will train a new kung fu practitioner for the spot and will encounter a villain called the Chameleon who conjures villains from the past.",7.085,2755,2024-03-02,https://image.tmdb.org/t/p/original/kDp1vUBnMpe8ak4rjgl3cLELqjU.jpg
The Crow,Rupert Sanders,"Action, Fantasy, Horror","Soulmates Eric and Shelly are brutally murdered when the demons of her dark past catch up with them. Given the chance to save his true love by sacrificing himself, Eric sets out to seek merciless revenge on their killers, traversing the worlds of the living and the dead to put the wrong things right.",5.872,806,2024-08-21,https://image.tmdb.org/t/p/original/hygkfPt0it7KLrXEMelzNQg5mM5.jpg
The Platform 2,Galder Gaztelu-Urrutia,"Science Fiction, Horror","After a mysterious leader imposes his law in a brutal system of vertical cells, a new arrival battles against a dubious food distribution method.",5.586,939,2024-09-27,https://image.tmdb.org/t/p/original/zMe4eGKh9kNVm6gL7YGo45dECKu.jpg
Godzilla x Kong: The New Empire,Adam Wingard,"Action, Adventure, Science Fiction","Following their explosive showdown, Godzilla and Kong must reunite against a colossal undiscovered threat hidden within our world, challenging their very existence – and our own.",7.142,3871,2024-03-27,https://image.tmdb.org/t/p/original/z1p34vh7dEOnLDmyCrlUVLuoDzd.jpg
IF,John Krasinski,"Comedy, Fantasy, Family","After discovering she can see everyone's imaginary friends, a girl embarks on a magical adventure to reconnect forgotten imaginary friends with their kids.",7.241,1080,2024-05-08,https://image.tmdb.org/t/p/original/xbKFv4KF3sVYuWKllLlwWDmuZP7.jpg
The Garfield Movie,Mark Dindal,"Animation, Comedy, Family, Adventure, Action","Garfield, the world-famous, Monday-hating, lasagna-loving indoor cat, is about to have a wild outdoor adventure! After an unexpected reunion with his long-lost father – scruffy street cat Vic – Garfield and his canine friend Odie are forced from their perfectly pampered life into joining Vic in a hilarious, high-stakes heist.",7.1,1116,2024-04-30,https://image.tmdb.org/t/p/original/p6AbOJvMQhBmffd0PIv0u8ghWeY.jpg
Kingdom of the Planet of the Apes,Wes Ball,"Science Fiction, Adventure, Action","Several generations following Caesar's reign, apes – now the dominant species – live harmoniously while humans have been reduced to living in the shadows. As a new tyrannical ape leader builds his empire, one young ape undertakes a harrowing journey that will cause him to question all he's known about the past and to make choices that will define a future for apes and humans alike.",7.112,3290,2024-05-08,https://image.tmdb.org/t/p/original/gKkl37BQuKTanygYQG1pyYgLVgf.jpg
365 Days: This Day,Barbara Białowąs,"Romance, Drama","Laura and Massimo are back and hotter than ever. But the reunited couple's new beginning is complicated by Massimo’s family ties and a mysterious man who enters Laura’s life to win her heart and trust, at any cost.",5.875,1546,2022-04-26,https://image.tmdb.org/t/p/original/tzwGGjh9332ltqaAi29Fl2jBNAd.jpg
The Aunts,Felipe Martínez Amador,Horror,"A mother enters an old home for her autistic daughter's therapy. Unexpectedly, the daughter start speaking but has encountered dark entities from the past seeking payback. The family faces supernatural forces related to the home's history.",6.417,12,2024-08-28,https://image.tmdb.org/t/p/original/mEgWL3PlfEA6IFXNLoi6x9IWLZx.jpg
Transmorphers: Mech Beasts,Michael Su,"Action, Science Fiction","20 years after the events of Transmorphers, a newer, more advanced species of alien robot descends on a rebuilt Earth, threatening once again to destroy the planet.",5.484,31,2023-06-09,https://image.tmdb.org/t/p/original/suSnpQO8hgyLVFkdjQ4Pk1jsnHw.jpg
Maria,Pablo Larraín,"Drama, Music","Maria Callas, the world's greatest opera singer, lives the last days of her life in 1970s Paris, as she confronts her identity and life.",6.9,34,2024-11-27,https://image.tmdb.org/t/p/original/6xHKEYfrO1FpVZJJnKy5BhfWVCK.jpg
Canary Black,Pierre Morel,"Action, Thriller, Crime","Top level CIA agent Avery Graves is blackmailed by terrorists into betraying her own country to save her kidnapped husband. Cut off from her team, she turns to her underworld contacts to survive and help locate the coveted intelligence that the kidnappers want.",6.3,294,2024-10-10,https://image.tmdb.org/t/p/original/9OKK3CCmss3JQogOEGCTGchmo18.jpg
Pleasure,Ninja Thyberg,Drama,"19 year old Linnéa leaves her small town in Sweden and heads for Los Angeles with the aim of becoming the world's next big porn star, but the road to her goal turns out to be bumpier than she imagined.",6.2,558,2021-10-08,https://image.tmdb.org/t/p/original/t3SEI2YI81oO3nEgjJ9jMAIKApY.jpg
Sonic the Hedgehog 2,Jeff Fowler,"Action, Adventure, Family, Comedy","After settling in Green Hills, Sonic is eager to prove he has what it takes to be a true hero. His test comes when Dr. Robotnik returns, this time with a new partner, Knuckles, in search for an emerald that has the power to destroy civilizations. Sonic teams up with his own sidekick, Tails, and together they embark on a globe-trotting journey to find the emerald before it falls into the wrong hands.",7.501,5014,2022-03-30,https://image.tmdb.org/t/p/original/aT2vdnR3qifI21f7fHTqYW5iAAz.jpg
An Almost Christmas Story,David Lowery,"Animation, Adventure, Fantasy, Family","A young owl meets a lost little girl in New York City. Together, they try to get home for Christmas.",7.6,31,2024-10-14,https://image.tmdb.org/t/p/original/j7dQpQ6BwYQLqmf4mXINfzEViZI.jpg
Pushpa 2 - The Rule,Sukumar,"Crime, Action, Thriller","Pushpa struggles to sustain his sandalwood smuggling business in the face of tough opposition from the police, led by Shekhawat.",7.333,18,2024-12-04,https://image.tmdb.org/t/p/original/xqzON7ytsjIDWJgHd3WsoXQqh7i.jpg
Harry Potter and the Philosopher's Stone,Chris Columbus,"Adventure, Fantasy","Harry Potter has lived under the stairs at his aunt and uncle's house his whole life. But on his 11th birthday, he learns he's a powerful wizard—with a place waiting for him at the Hogwarts School of Witchcraft and Wizardry. As he learns to harness his newfound powers with the help of the school's kindly headmaster, Harry uncovers the truth about his parents' deaths—and about the villain who's to blame.",7.908,27499,2001-11-16,https://image.tmdb.org/t/p/original/wMDusCZWznEZGU92VSfVRz1LEcg.jpg
Project Silence,Kim Tae-gon,"Action, Thriller, Horror, Science Fiction","Due to sudden deteriorating weather conditions, visibility on the Airport Bridge is severely impaired, leaving people stranded and at risk of the bridge collapsing due to a series of chain collisions and explosions. Amidst the chaos, the canine subjects ""Echo"" from the military experiment ""Project Silence,"" who were being transported in secret, break free, and all human survivors become targets of relentless attacks.",7.033,255,2024-07-11,https://image.tmdb.org/t/p/original/rXuSca6qEb4xPrSRT7XRzYCFbZB.jpg
Juror #2,Clint Eastwood,"Crime, Drama","While serving as a juror in a high profile murder trial, family man Justin Kemp finds himself struggling with a serious moral dilemma…one he could use to sway the jury verdict and potentially convict—or free—the accused killer.",6.973,682,2024-10-30,https://image.tmdb.org/t/p/original/ugQkpGajKFQ8eyOEhGheR0HfWQ.jpg
SpongeBob Squarepants: Kreepaway Kamp,Ian Vasquez,"TV Movie, Family, Comedy, Horror, Animation","While at Kamp Koral for a reunion, SpongeBob and the gang are stalked by a mysterious figure lurking in the shadows as campers start disappearing one by one!",7.0,59,2024-10-10,https://image.tmdb.org/t/p/original/blRsgsexoBqnjcEJkV8beKAVT6J.jpg
Gladiator,Ridley Scott,"Action, Drama, Adventure","After the death of Emperor Marcus Aurelius, his devious son takes power and demotes Maximus, one of Rome's most capable generals who Marcus preferred. Eventually, Maximus is forced to become a gladiator and battle to the death against other men for the amusement of paying audiences.",8.2,18876,2000-05-04,https://image.tmdb.org/t/p/original/qKSSpiaiLQC2gSZ6wHrV3mgZkpT.jpg
Fast X,Louis Leterrier,"Action, Crime, Thriller","Over many missions and against impossible odds, Dom Toretto and his family have outsmarted, out-nerved and outdriven every foe in their path. Now, they confront the most lethal opponent they've ever faced: A terrifying threat emerging from the shadows of the past who's fueled by blood revenge, and who is determined to shatter this family and destroy everything—and everyone—that Dom loves, forever.",7.073,5620,2023-05-17,https://image.tmdb.org/t/p/original/fiVW06jE7z9YnO4trhaMEdclSiC.jpg
"The Chronicles of Narnia: The Lion, the Witch and the Wardrobe",Andrew Adamson,"Adventure, Family, Fantasy","Siblings Lucy, Edmund, Susan and Peter step through a magical wardrobe and find the land of Narnia. There, they discover a charming, once peaceful kingdom that has been plunged into eternal winter by the evil White Witch, Jadis. Aided by the wise and magnificent lion, Aslan, the children lead Narnia into a spectacular, climactic battle to be free of the Witch's glacial powers forever.",7.135,10627,2005-12-07,https://image.tmdb.org/t/p/original/sLw1gxPAvkqhp5XrdO2A50Q5lTW.jpg
The Outrun,Nora Fingscheidt,Drama,"Fresh out of rehab, Rona returns to the Orkney Islands—a place both wild and beautiful, right off the Scottish coast. Now 29 and after more than a decade of living life on the edge in London, where she both found and lost love, Rona attempts to come to terms with her troubled past. As she reconnects with the dramatic landscape where she grew up, memories of her traumatic childhood merge with more recent challenging events that have set her on the path to recovery.",6.9,81,2024-09-27,https://image.tmdb.org/t/p/original/y1vsraNdmpbKOJKhGITxyn7Lp9w.jpg
Dune: Part Two,Denis Villeneuve,"Science Fiction, Adventure","Follow the mythic journey of Paul Atreides as he unites with Chani and the Fremen while on a path of revenge against the conspirators who destroyed his family. Facing a choice between the love of his life and the fate of the known universe, Paul endeavors to prevent a terrible future only he can foresee.",8.151,5742,2024-02-27,https://image.tmdb.org/t/p/original/6izwz7rsy95ARzTR3poZ8H6c5pp.jpg
Spider-Man: No Way Home,Jon Watts,"Action, Adventure, Science Fiction","Peter Parker is unmasked and no longer able to separate his normal life from the high-stakes of being a super-hero. When he asks for help from Doctor Strange the stakes become even more dangerous, forcing him to discover what it truly means to be Spider-Man.",8.0,20204,2021-12-15,https://image.tmdb.org/t/p/original/8qBccgSj0Ru9Odm1Mjv82cxDr7l.jpg
Don't Move,Adam Schindler,"Horror, Thriller","A grieving woman in a secluded forest encounters a killer who injects her with a paralytic drug. As her body shuts down, her fight for survival begins.",6.427,597,2024-10-24,https://image.tmdb.org/t/p/original/cRDJxdnRb7ikKd6fVJTrGeaL34v.jpg
Young Hearts,Anthony Schatteman,"Drama, Family","Fourteen-year-old Elias increasingly feels like an outsider in his village. When he meets his new neighbour of the same age, Alexander, Elias is confronted with his burgeoning sexuality.",8.4,14,2024-10-26,https://image.tmdb.org/t/p/original/rqbvlnPGAi075IMpD83PfBGVJ3d.jpg
Camp Crasher,Martino Zaidelis,"Comedy, Romance","In a bid to save her son's end-of-school camping trip, a single mom steps in as the bus driver while trying to show him she really can be a cool mom.",6.9,21,2024-12-05,https://image.tmdb.org/t/p/original/dsLTwYtpi7CtkA8ONH3CuYnjAXj.jpg
Transformers: Rise of the Beasts,Steven Caple Jr.,"Science Fiction, Adventure, Action","When a new threat capable of destroying the entire planet emerges, Optimus Prime and the Autobots must team up with a powerful faction known as the Maximals. With the fate of humanity hanging in the balance, humans Noah and Elena will do whatever it takes to help the Transformers as they engage in the ultimate battle to save Earth.",7.286,4651,2023-06-06,https://image.tmdb.org/t/p/original/zEqwfO5R2LrrLgV61xm8M9TmNTG.jpg
Tuhog,G.B. Sampedro,"Drama, Romance","Abie mourns after the death of Michael. She finds solace from her supposedly soon-to-be father-in-law, Roldan, and starts falling for him. But when Michael returns, their world turns upside down.",7.0,2,2023-11-03,https://image.tmdb.org/t/p/original/qtQr6SjbYSTLinKO6JLPHSx92EY.jpg
My Hero Academia: You're Next,Tensai Okamura,"Animation, Action, Adventure, Science Fiction","In a society devastated by the effects of an all-out war between heroes and villains, a mysterious giant fortress suddenly appears, engulfing towns and people one after another. Then, a man reminiscent of All Might, the 'symbol of peace', stands in front of Izuku and his friends...",6.8,64,2024-08-02,https://image.tmdb.org/t/p/original/tyenhgr4OuwcvdgbNg5avhHG00n.jpg
A Quiet Place: Day One,Michael Sarnoski,"Horror, Science Fiction, Thriller","As New York City is invaded by alien creatures who hunt by sound, a woman named Sam fights to survive with her cat.",6.792,2207,2024-06-26,https://image.tmdb.org/t/p/original/jQm7ACcf5jA8H33ADhhfFnapjUS.jpg
Elyas,Florent-Emilio Siri,"Action, Thriller","Elyas, a former Special Forces soldier who has become paranoid since a mission in Afghanistan, is recruited to ensure the safety of Amina and her daughter Nour, 13 years old, both of whom came from the Middle East for the holidays. As he takes office, Elyas senses something is up.",6.3,47,2024-07-03,https://image.tmdb.org/t/p/original/dB6ojZkXfk6JFYaqZTTDUK8wj9O.jpg
Spider-Man: Across the Spider-Verse,Kemp Powers,"Animation, Action, Adventure, Science Fiction","After reuniting with Gwen Stacy, Brooklyn’s full-time, friendly neighborhood Spider-Man is catapulted across the Multiverse, where he encounters the Spider Society, a team of Spider-People charged with protecting the Multiverse’s very existence. But when the heroes clash on how to handle a new threat, Miles finds himself pitted against the other Spiders and must set out on his own to save those he loves most.",8.4,7065,2023-05-31,https://image.tmdb.org/t/p/original/8Vt6mWEReuy4Of61Lnj5Xj704m8.jpg
Conclave,Edward Berger,"Thriller, Drama","After the unexpected death of the Pope, Cardinal Lawrence is tasked with managing the covert and ancient ritual of electing a new one. Sequestered in the Vatican with the Catholic Church’s most powerful leaders until the process is complete, Lawrence finds himself at the center of a conspiracy that could lead to its downfall.",7.1,341,2024-10-25,https://image.tmdb.org/t/p/original/m5x8D0bZ3eKqIVWZ5y7TnZ2oTVg.jpg
Beetlejuice Beetlejuice,Tim Burton,"Comedy, Fantasy, Horror","After a family tragedy, three generations of the Deetz family return home to Winter River. Still haunted by Betelgeuse, Lydia's life is turned upside down when her teenage daughter, Astrid, accidentally opens the portal to the Afterlife.",7.1,2004,2024-09-04,https://image.tmdb.org/t/p/original/kKgQzkUCnQmeTPkyIwHly2t6ZFI.jpg
Furiosa: A Mad Max Saga,George Miller,"Action, Science Fiction, Adventure","As the world falls, young Furiosa is snatched from the Green Place of Many Mothers into the hands of a great biker horde led by the warlord Dementus. Sweeping through the wasteland, they encounter the citadel presided over by Immortan Joe. The two tyrants wage war for dominance, and Furiosa must survive many trials as she puts together the means to find her way home.",7.525,3566,2024-05-22,https://image.tmdb.org/t/p/original/iADOJ8Zymht2JPMoy3R7xceZprc.jpg
Civil War,Alex Garland,"War, Action, Drama","In the near future, a group of war journalists attempt to survive while reporting the truth as the United States stands on the brink of civil war.",6.9,2886,2024-04-10,https://image.tmdb.org/t/p/original/sh7Rg8Er3tFcN9BpKIPOMvALgZd.jpg
The Lion King,Jon Favreau,"Animation, Adventure, Drama, Family","Simba idolizes his father, King Mufasa, and takes to heart his own royal destiny. But not everyone in the kingdom celebrates the new cub's arrival. Scar, Mufasa's brother—and former heir to the throne—has plans of his own. The battle for Pride Rock is ravaged with betrayal, tragedy and drama, ultimately resulting in Simba's exile. With help from a curious pair of newfound friends, Simba will have to figure out how to grow up and take back what is rightfully his.",7.1,9999,2019-07-12,https://image.tmdb.org/t/p/original/dzBtMocZuJbjLOXvrl4zGYigDzh.jpg
