Title,Image Url
Terrifier 3,
Venom: The Last Dance,"https://m.media-amazon.com/images/M/MV5BZDMyYWU4NzItZDY0MC00ODE2LTkyYTMtMzNkNDdmYmFhZDg0XkEyXkFqcGc@._V1_SX101_CR0,0,101,150_.jpg"
The Wild Robot,"https://m.media-amazon.com/images/M/MV5BZjM2M2E3YzAtZDJjYy00MDhkLThiYmItOGZhNzQ3NTgyZmI0XkEyXkFqcGc@._V1_SX101_CR0,0,101,150_.jpg"
The Substance,"https://m.media-amazon.com/images/M/MV5BZDQ1NGE5MGMtYzdlZC00ODExLWJlMDMtNWU4NjA5OWYwMDEwXkEyXkFqcGc@._V1_SY150_CR1,0,101,150_.jpg"
Joker: Folie Ã  Deux,"https://m.media-amazon.com/images/M/MV5BNTRlNmU1NzEtODNkNC00ZGM3LWFmNzQtMjBlMWRiYTcyMGRhXkEyXkFqcGc@._V1_SY150_CR0,0,101,150_.jpg"
Transformers One,"https://m.media-amazon.com/images/M/MV5BZWI1ZDY1YTQtMjRkNy00ZDZhLWE3OTItMTIwNzliY2Y1MTZhXkEyXkFqcGc@._V1_SY150_CR0,0,101,150_.jpg"
The Count of Monte-Cristo,"https://m.media-amazon.com/images/M/MV5BYjQ3NWUxNDMtNGUyYS00M2E4LThmYjgtZmQ3YTU4ZWZlNTk0XkEyXkFqcGc@._V1_SY150_CR0,0,101,150_.jpg"
Deadpool & Wolverine,"https://m.media-amazon.com/images/M/MV5BZTk5ODY0MmQtMzA3Ni00NGY1LThiYzItZThiNjFiNDM4MTM3XkEyXkFqcGc@._V1_SY150_CR0,0,101,150_.jpg"
Arcadian,"https://m.media-amazon.com/images/M/MV5BYmQ0OTU4MDUtOTM5Yi00Y2QwLThhYTMtZGFmOWU2ZTU0Y2VlXkEyXkFqcGc@._V1_SY150_CR0,0,101,150_.jpg"
Venom,"https://m.media-amazon.com/images/M/MV5BZDMyYWU4NzItZDY0MC00ODE2LTkyYTMtMzNkNDdmYmFhZDg0XkEyXkFqcGc@._V1_SX101_CR0,0,101,150_.jpg"
